place_id,restaurant_name,avg_rating,total_ratings,avg_sentiment_compound,base_bayesian,sentiment_bonus,tag_bonus,final_score
ChIJMe9Uf5C9cEgRNteBJnDmME8,"TOCA Social, Birmingham",4.9,1032.0,0.97308,4.885776365998591,0.48654,0.09,5.462316365998591
ChIJcTCvliC9cEgRuqanxiLRPuA,Ouro Gold Teeth Birmingham,5.0,121.0,0.9297,4.879901499044594,0.46485,0.09,5.434751499044594
ChIJRfpD4U29cEgR2sUlrA_Tk8E,Bhancha Nepalese & Indian Cuisine,4.9,158.0,0.97848,4.817844911806071,0.48924,0.09,5.39708491180607
ChIJLUVqBSm9cEgRAgLd6lUnmew,Coffee Joint,4.9,160.0,0.96178,4.81873307492168,0.48089,0.09,5.38962307492168
ChIJJ-qYI8S9cEgRt6a9RzNaClo,Viela JQ: Café / Dance studio,4.9,143.0,0.96818,4.810509636074469,0.48409,0.09,5.384599636074469
ChIJhTnY6Qi9cEgRpcUcPlTuobw,Sliced N Diced,4.9,131.0,0.96968,4.803625761926352,0.48484,0.09,5.378465761926352
ChIJC-lzZm69cEgR5m5syFmhotc,Dishoom Birmingham,4.8,9936.0,0.97492,4.798741654337968,0.48746,0.09,5.376201654337969
ChIJ0WhqV4m8cEgR2SfFsYLY6Ws,Grand Central Kitchen,4.8,2070.0,0.9718,4.794017001842725,0.4859,0.09,5.369917001842725
ChIJv-uPaUq8cEgRI2jn0I1579k,Winterbourne House & Garden,4.8,2074.0,0.96924,4.794028403459033,0.48462,0.09,5.368648403459033
ChIJ2br49Hy9cEgRUz4kHT3CrFg,BRGR BOX,4.9,218.0,0.8610200000000001,4.838130118767534,0.43051000000000006,0.09,5.358640118767534
ChIJf530ary9cEgRyx8XFYkCmlM,Harborne Kitchen,4.8,519.0,0.98302,4.776958858199468,0.49151,0.09,5.358468858199468
ChIJYfS7tSm9cEgRWDv2bgBIiq4,The Layers,4.9,106.0,0.95684,4.785233731759625,0.47842,0.09,5.353653731759625
ChIJld4MKgC9cEgRcCjZcPdjxGs,Blank Street Coffee,4.8,755.0,0.95782,4.783930280590398,0.47891,0.09,5.352840280590398
ChIJUboE0ae9cEgREVOPFCpIcbs,Sandbox VR,4.8,881.0,0.95212,4.7861651422301446,0.47606,0.09,5.352225142230145
ChIJz8jboIm8cEgRfyB-H8DV8t0,The Wilderness,4.8,459.0,0.96694,4.774102518306841,0.48347,0.09,5.3475725183068405
ChIJO7AKG-28cEgR-zAWLhsaZvg,Deli Heaven,4.9,135.0,0.89944,4.806035117878193,0.44972,0.09,5.345755117878193
ChIJsSYndry9cEgRMdmLjY7jvxE,Wok Chi,4.8,524.0,0.95356,4.7771687046639535,0.47678,0.09,5.343948704663953
ChIJIVoww-O9cEgRkhz289i3ZT8,Elio Café,4.8,313.0,0.97822,4.762916032131688,0.48911,0.09,5.342026032131688
ChIJkVXgtcW9cEgRmUEJW3_Ke68,Tonight Josephine - Birmingham,4.8,2828.0,0.91142,4.795606596165619,0.45571,0.09,5.341316596165619
ChIJc875Ln28cEgRl1LE8X8RDp0,Depot Climbing Birmingham,4.8,774.0,0.91792,4.784312414093256,0.45896,0.09,5.333272414093256
ChIJz8iy2vq8cEgRJGoqcdyrvJU,Ristorante Caffe' Gustami,4.8,560.0,0.92292,4.778573707453864,0.46146,0.09,5.330033707453864
ChIJ86ZrQpe9cEgR8O-1EW5SNqc,Glaze Room Pottery Painting,4.9,74.0,0.97936,4.7481375642475845,0.48968,0.09,5.327817564247584
ChIJ5Y9pOO28cEgRbLjIawOtCoM,Restaurant Folium,4.8,231.0,0.9668,4.75103757367387,0.4834,0.09,5.32443757367387
ChIJVwTqln69cEgRGkFIFqX3MY8,BURGER & SAUCE - Selly Oak,4.8,508.0,0.91574,4.776483337449363,0.45787,0.09,5.324353337449363
ChIJS5vcWoi8cEgRODX9u2KI5pg,Sushi Passion,4.9,3786.0,0.62392,4.896055003636975,0.31196,0.09,5.298015003636975
ChIJ-fka-Oa9cEgRdWt7Qps7ImM,OAKBERRY ACAI | Bullring,4.9,85.0,0.87926,4.763323807822825,0.43963,0.09,5.292953807822825
ChIJ_cQkKfO8cEgRJ-3RwOO7tow,Restaurant at Birmingham College of Food,4.8,124.0,0.97054,4.715876636647724,0.48527,0.09,5.291146636647723
ChIJ36gxXQq9cEgRfGwzpj5UlIA,Arabica Cafe - Bakhtawar Trust - Free cafe,5.0,50.0,0.8467,4.766208251473477,0.42335,0.09,5.279558251473477
ChIJ92Phgvi8cEgRyOLV-CA5QO4,Rock Up Birmingham,4.7,1002.0,0.98816,4.690229424401665,0.49408,0.09,5.2743094244016655
ChIJT-aeq0-9cEgRNz69I0YdS8Y,Noir 55 Coffee,4.8,223.0,0.8628600000000001,4.749458140566575,0.43143000000000004,0.09,5.270888140566575
ChIJIWCQsYu8cEgRNI3cYp9-9n8,Turtle Bay Birmingham,4.7,16701.0,0.96152,4.699400072872206,0.48076,0.09,5.270160072872206
ChIJNSs_BPq9cEgRW5zVGtsli1M,Cafe Lovelife,4.7,537.0,0.98886,4.682145229289166,0.49443,0.09,5.266575229289166
ChIJ16AZLwC9cEgR1ArEuxekYwU,Costa Coffee,5.0,76.0,0.70018,4.8263922659456515,0.35009,0.09,5.266482265945651
ChIJ_QSTNqS9cEgRY8TTEy-_45A,Starbucks Coffee Birmingham New Street 3,4.8,226.0,0.85158,4.750062226535899,0.42579,0.09,5.265852226535899
ChIJ4w7tPci9cEgRy1quK9jQtxI,Itaewon Korean Restaurant,4.7,1012.0,0.96836,4.690323644031351,0.48418,0.09,5.264503644031351
ChIJoxtas4G8cEgRGDRSWl5Vq3s,HANBAO,4.7,802.0,0.96618,4.687866528247293,0.48309,0.09,5.260956528247292
ChIJj-ClCKS9cEgRKQdzfX-YKYk,Banana Tree Birmingham Bullring,4.7,2069.0,0.94662,4.695208031929566,0.47331,0.09,5.258518031929565
ChIJqZBasla8cEgR1Aud9xVyatQ,Simpsons Restaurant,4.7,770.0,0.96168,4.687378136931461,0.48084,0.09,5.25821813693146
ChIJ-c4vYuu8cEgRDeqE6ZjOH4o,Birmingham Blue Nile Restaurant,4.7,668.0,0.96126,4.68552037353609,0.48063,0.09,5.25615037353609
ChIJG-cqE4e8cEgRJxQivpWg2A4,Starbucks Coffee,4.7,566.0,0.96072,4.683021351709832,0.48036,0.09,5.253381351709832
ChIJxUij-QC9cEgRh7Ig6-2oO2k,Alterna,4.9,48.0,0.92832,4.694049573431655,0.46416,0.09,5.248209573431654
ChIJOVsS9uC9cEgRTou3aFPdHe4,Smoke + Ash Pizza,4.7,332.0,0.96468,4.671892489805353,0.48234,0.09,5.244232489805353
ChIJ-XpOK4i8cEgRvtYKoVoBxbE,Dezhou Style Braised Chicken 德州扒鸡,4.7,414.0,0.95022,4.677142639773374,0.47511,0.09,5.2422526397733735
ChIJj5XhlO28cEgRjGW8QWoH9ZY,The Hive Cafe and Bakery,4.7,226.0,0.9744,4.66002238589845,0.4872,0.09,5.237222385898449
ChIJrZ_-BYy8cEgRkqxbY9bSL1o,Adam's Restaurant,4.7,963.0,0.91158,4.689843743785942,0.45579,0.09,5.235633743785942
ChIJJUh_2lm8cEgRSFyzVGLIvwk,Edgbaston Physiotherapy Clinic,4.9,67.0,0.8142799999999999,4.7365828137012045,0.40713999999999995,0.09,5.233722813701204
ChIJGRhZcry9cEgRabF-HvxQl-E,Caspian Pizza (Harborne),4.7,357.0,0.93898,4.67373198654584,0.46949,0.09,5.23322198654584
ChIJ5zKP7Ui8cEgRGYr9ou3hRlA,Edgbaston Golf Club,4.7,285.0,0.94742,4.667631028582293,0.47371,0.09,5.2313410285822926
ChIJVxTBYGu9cEgRM6qGea4FhHE,Chapter Edgbaston,4.7,278.0,0.94824,4.666883230562742,0.47412,0.09,5.231003230562742
ChIJ0wdyV3-9cEgRNwqv7OECaY4,Nexus cafe,4.9,38.0,0.94444,4.661359029531917,0.47222,0.09,5.223579029531917
ChIJ14uBiJWjcEgRLJ9Mg2d_NpA,The Goat King,4.9,100.0,0.69338,4.779724950884087,0.34669,0.09,5.2164149508840865
ChIJmyCb4fm9cEgRx5iMenTWcA0,Hey Brew Espresso,4.7,211.0,0.93334,4.657481435849622,0.46667,0.09,5.2141514358496215
ChIJNbh_S-y8cEgRImg6q4Bxpzw,24 Carat Bistro,4.7,240.0,0.92268,4.662134410794381,0.46134,0.09,5.2134744107943805
ChIJgXcRXum8cEgRLunEA66v9Qk,Hylton Cafe,4.7,194.0,0.91382,4.654180908038862,0.45691,0.09,5.201090908038862
ChIJu20kqKe9cEgREUpyNVu620A,Lostalgia,5.0,25.0,0.92092,4.649312377210216,0.46046,0.09,5.199772377210216
ChIJkS4kFcq9cEgRaQAhg8aIej4,OCHA Cafè,4.7,122.0,0.95248,4.631738903812999,0.47624,0.09,5.197978903812999
ChIJGcctnS-9cEgRDeIjER5dMNc,JASHARI GYROS,4.9,48.0,0.82254,4.694049573431655,0.41127,0.09,5.195319573431655
ChIJ59RhV1m8cEgR5J-eSl496cQ,Barchester - Edgbaston Beaumont Care Community,4.8,41.0,0.97244,4.610085134250164,0.48622,0.09,5.186305134250164
ChIJ1Zdbkla8cEgRuSSxzeh-Xr0,Loki Wine Bar & Shop Edgbaston,4.7,298.0,0.8482200000000001,4.668933804521705,0.42411000000000004,0.09,5.183043804521705
ChIJGYiVzpu9cEgRzuWAhumgNLc,Meriden St & Co,5.0,22.0,0.92172,4.626928060861932,0.46086,0.09,5.177788060861932
ChIJb9_mLQC9cEgROcVYW2MHFKM,Divine Desserts Birmingham,4.8,286.0,0.6403000000000001,4.7596965236672375,0.32015000000000005,0.09,5.169846523667237
ChIJ_3TWPQC9cEgRTN4WNMYzE_w,Blank Street Coffee,4.7,517.0,0.7966599999999999,4.681486381661459,0.39832999999999996,0.09,5.169816381661459
ChIJv_fOp5K8cEgRd6jcJb25nes,Saint Kitchen,4.6,758.0,0.9776399999999998,4.590377546437434,0.4888199999999999,0.09,5.169197546437434
ChIJh2Adi4a8cEgRGtSpnl8RWqw,BRIG Café at The Warehouse,4.6,513.0,0.98004,4.585995574090169,0.49002,0.09,5.166015574090169
ChIJ45SbyTG9cEgRaScjGu1sJR8,Madras Curries,4.8,42.0,0.92292,4.612919684485236,0.46146,0.09,5.164379684485236
ChIJ0d0GEay9cEgR3tdMvyBw5o8,Don Diego Edgbaston,4.7,94.0,0.91654,4.615677469416057,0.45827,0.09,5.1639474694160565
ChIJ83F9dby9cEgRcw1zE64sbG0,Harborne Tandoori Restaurant,4.6,587.0,0.97016,4.587688919706716,0.48508,0.09,5.162768919706716
ChIJpQtfTVi9cEgRjhle02uqQK8,Damascena Coffee House Jewellery Quarter,4.6,672.0,0.96602,4.589190270961995,0.48301,0.09,5.162200270961995
ChIJMcSwlYq8cEgRDlCpiEzSs_Y,The Craven Arms,4.6,1127.0,0.95698,4.593459738594193,0.47849,0.09,5.161949738594193
ChIJGVsYgva8cEgRH7jaRwK5zZw,Del Villaggio - Broad St,4.6,1466.0,0.95146,4.594946759799135,0.47573,0.09,5.160676759799134
ChIJf2GGw_m8cEgR7r_lRLyu2Y0,Ju Ju's Cafe Birmingham,4.6,950.0,0.956,4.5922724296005235,0.478,0.09,5.160272429600523
ChIJGbeOjoi8cEgR1k7FRwPEt9o,St. Martin’s Church,4.6,1168.0,0.94962,4.593684508684418,0.47481,0.09,5.158494508684417
ChIJL9mm0Im8cEgRVeVWiMlGZyQ,BLANC NRI Birmingham Indian Cuisine,4.6,899.0,0.95142,4.591845907857695,0.47571,0.09,5.157555907857695
ChIJ95Lih869cEgRQPfsuaiToSk,Falafel Munch (Selly Oak),4.7,289.0,0.7976800000000001,4.668043372167232,0.39884000000000003,0.09,5.156883372167232
ChIJM1ifhzm8cEgRaUKhMDCHkuk,Royal Watan Kashmiri Restaurant,4.6,1438.0,0.9434,4.594850047068018,0.4717,0.09,5.156550047068018
ChIJGXsvwPa8cEgRvR-v_U1s898,Pitcher & Piano Birmingham,4.6,6417.0,0.9335,4.598830428261488,0.46675,0.09,5.155580428261488
ChIJN5mPepa9cEgRvPEGEYmV2cg,"Gabriels Pizza, Fish & Chips Harborne Birmingham",4.6,640.0,0.94934,4.58867010354964,0.47467,0.09,5.153340103549639
ChIJe4BXgNq9cEgRFX6j9ncZqEg,Papa Johns Pizza,4.6,489.0,0.95226,4.585341670934845,0.47613,0.09,5.151471670934845
ChIJ71_QXs29cEgRQDqa_rX2Fag,Canvas House,4.9,26.0,0.91116,4.605208212951192,0.45558,0.09,5.150788212951192
ChIJp5QbZIa8cEgRexy6O-6UiTk,KILDER,4.7,310.0,0.77918,4.670046623464211,0.38959,0.09,5.149636623464211
ChIJO-XU6vS9cEgRZzA4M89Bi7w,Marmaris Turkish Kitchen,4.8,132.0,0.67778,4.720163177455483,0.33889,0.09,5.149053177455483
ChIJf6E7_Di9cEgRtUXE5FLqDOg,AutoBrew | Bar & Café Digbeth,4.8,124.0,0.6855,4.715876636647724,0.34275,0.09,5.148626636647723
ChIJeT4nf829cEgRtmg5_qrpc9k,Ciao Bella Desserts,4.7,295.0,0.7766599999999999,4.668642558939096,0.38832999999999995,0.09,5.146972558939096
ChIJa8tRR7y9cEgR-AmpS2xKny0,Buonissimo Restaurant Birmingham,4.6,580.0,0.9306,4.58754647745539,0.4653,0.09,5.1428464774553895
ChIJw4fk82G8cEgRJoHr_ZYVX_Y,Savanna Restaurant & Cocktail Bar,4.6,272.0,0.95254,4.574631713335053,0.47627,0.09,5.140901713335054
ChIJw_n07L29cEgRwBgPsSFOpWw,Cake & Culture,4.6,136.0,0.9895,4.5532026016180795,0.49475,0.09,5.137952601618079
ChIJ_ZCH7RK9cEgRnw28jiIToLQ,Baloci,4.6,179.0,0.96906,4.563066759120151,0.48453,0.09,5.137596759120151
ChIJgTmisIi8cEgRZjUIBldUULQ,Millies Cookie's Birmingham Bull Ring Shopping Centre,4.6,368.0,0.92668,4.580828546718857,0.46334,0.09,5.134168546718857
ChIJR1bdR4m8cEgReYgLIIaQTbE,Pho Birmingham,4.6,3026.0,0.89162,4.597530520767129,0.44581,0.09,5.1333405207671285
ChIJvVNDQIe8cEgRogw1EYtGte0,Chris's Cafe,4.6,216.0,0.9389,4.568737007719961,0.46945,0.09,5.128187007719961
ChIJeZLW-4u8cEgRY6PlNx07xfI,Faculty Coffee,4.6,1006.0,0.88636,4.592692161843367,0.44318,0.09,5.1258721618433665
ChIJ21ACh9i8cEgRA0Fv4-O97uc,World of beauty,4.6,102.0,0.9829,4.54067416425599,0.49145,0.09,5.1221241642559905
ChIJKXoBDVS9cEgRO8LZ4EwvNoo,Vegan Munch UK,4.6,277.0,0.90518,4.575051718081162,0.45259,0.09,5.1176417180811615
ChIJkVLfKUK9cEgRs40S0a9dDDw,Hotel Chocolat,4.6,301.0,0.89968,4.576888401412609,0.44984,0.09,5.116728401412609
ChIJHSAgNYy8cEgR7Jsp4zjE2Dg,Savills Birmingham Estate Agents,4.6,171.0,0.92264,4.561559279900565,0.46132,0.09,5.1128792799005645
ChIJpRxBbQC9cEgRfEOmL1dyPhY,Café No.11,4.9,20.0,0.8951,4.565902641344685,0.44755,0.09,5.103452641344685
ChIJP1BYoAy9cEgR8qwtutXMxvE,Deli 17,4.8,78.0,0.6699400000000001,4.67830697922826,0.33497000000000005,0.09,5.10327697922826
ChIJn3c3Szi9cEgRi5GFxEqfnMM,Treetop Golf Birmingham,4.6,913.0,0.83938,4.591967610725491,0.41969,0.09,5.101657610725491
ChIJ65x0DgC9cEgRkd9bvuBZszo,El Azteca @ The Loft 1000 Trades,5.0,36.0,0.59454,4.712551128860833,0.29727,0.09,5.099821128860833
ChIJ09Aa_Im8cEgRdM-fX5zw8lw,Birmingham Royal Ballet,4.7,139.0,0.74178,4.638814749149456,0.37089,0.09,5.099704749149456
ChIJoylqe8y9cEgRgtDQjbyIylU,Dream cafe and restaurant.,4.7,159.0,0.72412,4.645465319894081,0.36206,0.09,5.09752531989408
ChIJE3r8fMy9cEgRnupud7a6YMY,Cafe Face,4.6,145.0,0.87148,4.555680110944181,0.43574,0.09,5.081420110944181
ChIJ3eTIHYu8cEgRmSujRVLCufo,Everyman Birmingham Mailbox,4.6,1426.0,0.79118,4.594807456140944,0.39559,0.09,5.080397456140944
ChIJb5N27Pe9cEgRe0I7QTmhjAI,Jumpin Jackets,4.6,59.0,0.95836,4.510304986434652,0.47918,0.09,5.079484986434652
ChIJTcZf0Im8cEgROaqaFB1skFY,Las Iguanas - Birmingham - Arcadian Centre,4.5,2876.0,0.97512,4.498264604915722,0.48756,0.09,5.075824604915722
ChIJPcNYrpK9cEgRWv9mC4ppCZ4,Bisque & Bean,4.6,139.0,0.86296,4.5540586515884804,0.43148,0.09,5.07553865158848
ChIJFx2eXe28cEgRbjxc-Y50dC0,Lasan Indian Restaurant & Cocktail Bar,4.5,1195.0,0.97878,4.495873458082387,0.48939,0.09,5.075263458082387
ChIJ3-aHq-28cEgRfA1VcjW_YVw,Coffee Tales Jewellery Quarter,4.6,756.0,0.78978,4.590352905071076,0.39489,0.09,5.075242905071076
ChIJxzSPZtO9cEgRrjXkxAXl2Ec,Paprika Grill,4.6,564.0,0.79388,4.587208181427013,0.39694,0.09,5.074148181427013
ChIJ-U3QtrK9cEgRLATZo_nl3IQ,Vietnamese Street Kitchen,4.5,1778.0,0.96494,4.497207775297012,0.48247,0.09,5.069677775297012
ChIJhUTZK1S8cEgROFSob0uKz_M,The Physician,4.5,3155.0,0.96238,4.4984168612768896,0.48119,0.09,5.069606861276889
ChIJlexVlPa8cEgRDsBSxh6jGBw,SIAMAIS,4.5,2454.0,0.95762,4.497969188729532,0.47881,0.09,5.066779188729532
ChIJ4ZpAd-29cEgRpBCl9DbedyY,Kawataku,4.6,54.0,0.94258,4.504628086841909,0.47129,0.09,5.065918086841909
ChIJtWZymyS5cEgRkCggaQcv_2Y,Cajun soul Kitchen,4.8,52.0,0.67642,4.637215829357283,0.33821,0.09,5.065425829357283
ChIJVdfKcYy8cEgRktFcoMjUzpE,Pieminister,4.5,1469.0,0.95752,4.496630266974908,0.47876,0.09,5.065390266974908
ChIJx86WieC9cEgRx_z9IvlG5yA,Grill N Shake (selly oak) halal,4.7,205.0,0.6292199999999999,4.656372255915264,0.31460999999999995,0.09,5.060982255915264
ChIJY1HUtou8cEgR3b2aSqAF1Vg,Cherry Red's Cafe Bar,4.5,2453.0,0.94346,4.497968369193104,0.47173,0.09,5.059698369193104
ChIJ-wcQFzi8cEgRxuL7iOoBHcA,Aquarius Action Projects,4.8,28.0,0.80892,4.563502242651147,0.40446,0.09,5.057962242651147
ChIJY32-iFa8cEgRggApI8A9oKk,Boston Tea Party Edgbaston,4.5,1445.0,0.9341,4.496575250925517,0.46705,0.09,5.053625250925517
ChIJLfFYnmW9cEgRG8bcM6e9VjY,"The Restaurant Hub, Selly Oak",4.5,593.0,0.93834,4.491853752201473,0.46917,0.09,5.051023752201473
ChIJc3AyIoa8cEgRYMKg3HZcnj8,Tonkotsu Birmingham Selfridges,4.5,414.0,0.94308,4.488532161413463,0.47154,0.09,5.050072161413463
ChIJMW8DUYm8cEgRf_iif-wXsGw,Bacchus Bar,4.5,3518.0,0.9211,4.4985790626193936,0.46055,0.09,5.049129062619393
ChIJ8_c-p5K8cEgRxOa3FK_iUM8,Locanta italian restaurant,4.5,511.0,0.9351,4.490607497874087,0.46755,0.09,5.048157497874087
ChIJ403vJ-68cEgRa_RUeNXV9uw,Temper and Brown,4.5,570.0,0.93196,4.491538855227749,0.46598,0.09,5.047518855227749
ChIJZwjImva8cEgRvk15f8y4BAM,Piccolino Birmingham,4.5,2523.0,0.91756,4.498024183226261,0.45878,0.09,5.046804183226261
ChIJOf0OBYG8cEgR6SvCIukWUDY,Rico Libre — Tapas with a Twist,4.5,527.0,0.92792,4.49087974431252,0.46396,0.09,5.04483974431252
ChIJkbRaTYS8cEgRVvgw4TMlvLM,Papa Johns Pizza,4.5,1030.0,0.91464,4.495228074749299,0.45732,0.09,5.042548074749299
ChIJJXnNH_S8cEgRDmaig_6vKxU,Gourmet Burger Kitchen,4.5,1627.0,0.90724,4.496952553789655,0.45362,0.09,5.040572553789655
ChIJPSDsn5K8cEgRKubEPlbGM_0,Cucina Rustica,4.5,1474.0,0.8971199999999999,4.496641506911615,0.44855999999999996,0.09,5.035201506911615
ChIJ13eIPYy8cEgRKXDlQBsiK_0,The Wellington,4.6,4199.0,0.69174,4.598216292343871,0.34587,0.09,5.03408629234387
ChIJX8-6IYy8cEgRSVh39MfscCY,Damascena Coffee House Birmingham City Centre,4.5,3022.0,0.89076,4.498347758076965,0.44538,0.09,5.033727758076965
ChIJB0uj0oq8cEgRu1Jlc7j4rc4,Miller & Carter Mailbox,4.5,3011.0,0.8895,4.498341771693185,0.44475,0.09,5.033091771693185
ChIJhRo8_4u8cEgRn0-ERZRYnMg,TUI Holiday Store,4.5,124.0,0.95136,4.466212207117522,0.47568,0.09,5.031892207117521
ChIJfa0_eoC8cEgR-aHYI6Nfidc,The Old Crown,4.5,2328.0,0.88606,4.497860441504679,0.44303,0.09,5.030890441504679
ChIJBVnMfPi8cEgR-7wgAwOM5p4,ODEON Luxe Birmingham Broadway Plaza,4.5,5791.0,0.87408,4.499134391138328,0.43704,0.09,5.026174391138327
ChIJN1xLSIe8cEgReLTbzODZZX0,The Big Bulls Head,4.5,679.0,0.87714,4.4928488904268615,0.43857,0.09,5.021418890426862
ChIJC-aYgIu8cEgRrb93adML5lo,Birmingham Post Office,4.5,750.0,0.87428,4.4935040243361435,0.43714,0.09,5.020644024336144
ChIJA88yJ969cEgRY7eP3a0fEDU,The Exchange,4.7,176.0,0.55706,4.650077705773686,0.27853,0.09,5.018607705773686
ChIJ1S2ylLq9cEgRvLxIq-KrD4w,The Plough Harborne,4.5,3385.0,0.85556,4.498523641894578,0.42778,0.09,5.016303641894578
ChIJjVyZwI68cEgRq1dcQdppaug,St Philips Chambers,4.7,37.0,0.7743599999999999,4.538155142911465,0.38717999999999997,0.09,5.015335142911464
ChIJmzph8la8cEgRKc7UGEmVov8,Village Kitchen,4.7,79.0,0.64272,4.60351556596645,0.32136,0.09,5.014875565966451
ChIJFX4mwYm8cEgR0WtjCTNGcwA,United Travel,4.7,27.0,0.8309200000000001,4.5070311319329,0.41546000000000005,0.09,5.0124911319329
ChIJ7wmR9Iu8cEgRGi5XSkukClA,La Galleria,4.5,1497.0,0.8467,4.49669225943529,0.42335,0.09,5.01004225943529
ChIJhWoCPI28cEgRTurItjtg-oc,Dominiques,4.7,36.0,0.7645,4.535501948532964,0.38225,0.09,5.007751948532964
ChIJg4tEM4-8cEgRv12ZVoLnkR8,Courthouse Clinics,4.5,44.0,0.97558,4.427037954500157,0.48779,0.09,5.004827954500157
ChIJX5NqIHy9cEgR-fcZdE-HpI8,Fruit & Ice Beverages,4.5,206.0,0.8655200000000001,4.478206142253294,0.43276000000000003,0.09,5.000966142253294
ChIJZ8l9ioC8cEgRDSt2W8K9-Og,Kanteen,4.5,234.0,0.85878,4.480562234982667,0.42939,0.09,4.999952234982667
ChIJKxNjKMy9cEgRgulslRxjY9M,Suizen's Noodle Bar 广东楼,4.5,114.0,0.8831200000000001,4.4637814306511565,0.44156000000000006,0.09,4.995341430651156
ChIJq4xuYYm8cEgR_aX8UBU5urE,Upper Crust Birmingham New Street,4.8,1507.0,0.2255799999999999,4.79181828907344,0.11278999999999995,0.09,4.99460828907344
ChIJH7qqbYe8cEgRk6xuB8bXfaM,Starbucks Coffee,4.7,1636.0,0.4192999999999999,4.693958831342872,0.20964999999999995,0.09,4.993608831342872
ChIJL82nLIq8cEgRm8XLIRg7Fpc,The Old Rep Theatre,4.5,569.0,0.81964,4.491524610876281,0.40982,0.09,4.991344610876281
ChIJjwk7gIC7cEgREm406HRrm24,Evolve at the Adam & Eve,4.5,43.0,0.94786,4.425964983242806,0.47393,0.09,4.989894983242806
ChIJO8TKW-28cEgRwjS4RPjpTSE,Pasta Di Piazza,4.5,1696.0,0.79972,4.497074734956717,0.39986,0.09,4.9869347349567175
ChIJVQsOh0-8cEgRCt1i9_5IobU,"St Bartholomew's, Edgbaston (The Old Church)",4.5,41.0,0.94382,4.423721497886527,0.47191,0.09,4.985631497886527
ChIJfa0_eoC8cEgRAIq8SOfuZ3g,The Rainbow,4.5,558.0,0.80174,4.491364697873946,0.40087,0.09,4.982234697873946
ChIJ87kfiVaUcEgRDdlgpBVdeVI,The High Field,4.4,1521.0,0.98634,4.398360684903306,0.49317,0.09,4.981530684903306
ChIJw0h4B368cEgRyU0cQxu0qWo,The White Swan,4.4,2421.0,0.98442,4.398963867072981,0.49221,0.09,4.981173867072981
ChIJxRiCaIC8cEgR5qenqBF-ZnE,Digbeth Dining Club,4.6,2237.0,0.5873,4.5966691506898805,0.29365,0.09,4.980319150689881
ChIJAQDAzPe8cEgRFtV3XuSK5hM,Varanasi,4.4,1787.0,0.98176,4.398601334911982,0.49088,0.09,4.9794813349119815
ChIJo0dMkYy8cEgRRJR-gJ-142Y,Birmingham Museum & Art Gallery,4.4,9344.0,0.97784,4.399729492887236,0.48892,0.09,4.978649492887236
ChIJ9y44Zoy8cEgRZFJVtSZZaWM,Java Roastery,4.6,756.0,0.59536,4.590352905071076,0.29768,0.09,4.978032905071076
ChIJu9pVSJK8cEgR1ndhR6jiQHc,Syriana Restaurant,4.4,939.0,0.98064,4.397370973921691,0.49032,0.09,4.977690973921691
ChIJcQgTh429cEgRnAfRPTZwS44,Piri Fino - Selly Oak,4.7,66.0,0.59028,4.589732075390229,0.29514,0.09,4.974872075390229
ChIJ_RJbz729cEgRRp2jY3WRAic,Sabai Sabai - Harborne,4.4,1238.0,0.97352,4.397993364101751,0.48676,0.09,4.974753364101751
ChIJIUqhMlO8cEgRhXdvS5CBnVo,The Birmingham Botanical Gardens,4.4,6364.0,0.96928,4.39960332115519,0.48464,0.09,4.97424332115519
ChIJM98WEYy8cEgR2mUM1duwg3A,The Lost & Found Birmingham,4.4,4271.0,0.96902,4.399410060256171,0.48451,0.09,4.973920060256171
ChIJcQjuOYq8cEgRU9Cx3LClHMc,The Alexandra,4.5,4357.0,0.76676,4.49885112251495,0.38338,0.09,4.97223112251495
ChIJtX9rIYy8cEgRqSOlmsDfv74,"The Old Joint Stock Pub & Theatre, Birmingham",4.4,4624.0,0.96244,4.399454854562381,0.48122,0.09,4.970674854562381
ChIJFQ_To5K8cEgR9k0MZDZCFug,The Jam House,4.5,2076.0,0.7629400000000001,4.497603816687535,0.38147000000000003,0.09,4.969073816687535
ChIJnZVz2oq8cEgRGd4Tz3taGKc,Mailbox Birmingham,4.4,8215.0,0.95744,4.3996924294733635,0.47872,0.09,4.968412429473363
ChIJ--szq4q8cEgRY1mHMXBEuKk,Keg & Grill,4.4,559.0,0.96492,4.395660306267998,0.48246,0.09,4.9681203062679975
ChIJgTmisIi8cEgR57VtAvXJvto,Mount Fuji,4.4,683.0,0.96034,4.396420365622191,0.48017,0.09,4.966590365622191
ChIJZwjImva8cEgRq7OJmM0rIUg,Slug & Lettuce - Birmingham,4.4,4470.0,0.94534,4.399436177722027,0.47267,0.09,4.962106177722027
ChIJn83714m8cEgRKSYcjYsdsWw,Kyoto Sushi & Grill,4.4,1692.0,0.9452,4.398523948084165,0.4726,0.09,4.961123948084165
ChIJbczX94a8cEgRFfV9GbuoEac,Hennessey's Bar,4.4,1351.0,0.94414,4.398158153241651,0.47207,0.09,4.960228153241651
ChIJi-BLtgW9cEgRxYiBSrM3r1k,Trentina JQ,4.4,377.0,0.95194,4.393695569304753,0.47597,0.09,4.959665569304753
ChIJb0mj0oq8cEgRM-eXwbBwiiQ,Bar Estilo,4.4,1268.0,0.94108,4.398039921779205,0.47054,0.09,4.958579921779204
ChIJ2_T78729cEgRkhQRhgaXfSc,Henry Wong,4.4,362.0,0.94996,4.393451211525868,0.47498,0.09,4.958431211525868
ChIJRVbEiMy9cEgRDoKDbJakkzc,Yakinori Japanese kitchen - Selly Oak,4.4,1963.0,0.9376,4.398725160392612,0.4688,0.09,4.957525160392612
ChIJkz-_Rta9cEgRAzfsyR28Kk4,Bournville Garden Centre,4.5,795.0,0.74294,4.493860510805501,0.37147,0.09,4.955330510805501
ChIJRyRRTLi9cEgRvordUA6CHMc,200 Degrees Coffee Shop,4.4,604.0,0.93626,4.39597077720272,0.46813,0.09,4.95410077720272
ChIJv0hSZ2i8cEgR6gyQpDaV7zw,Edgbaston Dental Centre,4.4,478.0,0.93432,4.394961468907577,0.46716,0.09,4.952121468907577
ChIJrSJGn-y8cEgRkvI-Kh4HaYE,The Church Pub & Dining Room,4.4,767.0,0.92998,4.3968000238137765,0.46499,0.09,4.951790023813777
ChIJy02trPC8cEgRW7G4m452vqo,The Distillery,4.4,1396.0,0.92478,4.398216480549269,0.46239,0.09,4.950606480549269
ChIJ6WB-f7S9cEgRQFc1WZop34A,Impresso Coffee Lounge,4.4,155.0,0.94412,4.385920104780616,0.47206,0.09,4.947980104780616
ChIJvRGO6468cEgRG08GIHTN6bs,Habanero's,4.6,176.0,0.58708,4.5625155167189595,0.29354,0.09,4.9460555167189595
ChIJKf3tJYy8cEgRqsTrO0qRN8I,The Alchemist Colmore Row,4.4,3048.0,0.91376,4.399175274604787,0.45688,0.09,4.946055274604787
ChIJV6jlAI28cEgRkOVZCvhiM1Y,Jojolapa Nepalese Bar & Kitchen,4.4,318.0,0.9231,4.392611133704113,0.46155,0.09,4.944161133704113
ChIJ1a2boHK9cEgRTgvHAcAM9Qg,There Goes Coffee at Centre City Tower,4.8,22.0,0.63932,4.533311039585336,0.31966,0.09,4.942971039585336
ChIJ1YrJqpO8cEgRFrtN51DU43k,Baguette Du Maison,4.4,155.0,0.9251,4.385920104780616,0.46255,0.09,4.938470104780616
ChIJI2fwD2YjZUER9YC3foVVjD0,wagamama birmingham new street,4.4,2299.0,0.89352,4.398909474552715,0.44676,0.09,4.935669474552715
ChIJqdF8h_a8cEgRFJESIzCiQgE,O'Neill's Broad Street,4.4,2690.0,0.8914799999999999,4.399066526283798,0.44573999999999997,0.09,4.934806526283798
ChIJn9Ro7n-7cEgRS0hSFcP1M6o,The Arches Project,4.5,22.0,0.90298,4.392885507670442,0.45149,0.09,4.934375507670442
ChIJgTmisIi8cEgRUGnpwrypSC8,Bullring,4.4,55551.0,0.8869999999999999,4.3999543979210545,0.44349999999999995,0.09,4.933454397921055
ChIJfxBSgY-8cEgR7UxTMshOeqQ,Cafe Gazette,4.7,98.0,0.4427999999999999,4.618419665532609,0.22139999999999996,0.09,4.929819665532609
ChIJg_bJOvS8cEgR03gQKEcSHqA,Rosies - Birmingham,4.6,2491.0,0.48506,4.597005412901633,0.24253,0.09,4.929535412901633
ChIJd518cby9cEgR-ouSWqvzlYA,Arco Lounge,4.5,1388.0,0.6725,4.496437097565825,0.33625,0.09,4.922687097565825
ChIJgbnJg869cEgRPLcTJrCm6m4,Ali Baba Coffee House,4.5,215.0,0.70446,4.479023411918795,0.35223,0.09,4.921253411918794
ChIJ8Z8RsGG9cEgRFQgYWjVma4g,Quay Brew Cafe Ltd,4.7,20.0,0.70506,4.477013752455796,0.35253,0.09,4.9195437524557954
ChIJIxxWa7y9cEgRNxlgO4BqWjk,Slug & Lettuce - Harborne,4.4,2626.0,0.83176,4.399043990516979,0.41588,0.09,4.904923990516979
ChIJH0mXU5K8cEgR3vlRy-AQ9jE,Hen & Chickens,4.4,1617.0,0.8305400000000001,4.398456527929666,0.41527000000000003,0.09,4.903726527929665
ChIJE7f7pWS8cEgRraQBKSf5ots,Mellow's Bar & Restaurant,4.4,1080.0,0.82488,4.397706442407702,0.41244,0.09,4.900146442407702
ChIJq6qqgYi8cEgRjldj7WhSFVs,Browns Birmingham,4.4,1897.0,0.81006,4.39868138338216,0.40503,0.09,4.8937113833821595
ChIJ7ztDY468cEgR8PoqLVjS5RQ,200 Degrees Coffee Shop & Barista School,4.5,2003.0,0.6086199999999999,4.497517563540686,0.30430999999999997,0.09,4.891827563540686
ChIJ3eIWOYq8cEgRljE7rT0TvfM,Coffee Diner,4.5,208.0,0.63972,4.478393213993609,0.31986,0.09,4.888253213993609
ChIJTcZf0Im8cEgR12tMxXpdM6M,Miyako Teppanyaki,4.4,451.0,0.79814,4.394675669875023,0.39907,0.09,4.883745669875023
ChIJQ8ItboG8cEgR-6d4YkHpVFU,Argeela,4.3,1321.0,0.9838,4.299974456805728,0.4919,0.09,4.881874456805728
ChIJdzVuEFi8cEgREIowRB1Fx1Q,Park Regis Birmingham,4.3,2963.0,0.98076,4.299988493594548,0.49038,0.09,4.880368493594548
ChIJKTLabMS9cEgRHRclFJLKvVo,grounded. Selly Oak,4.6,51.0,0.57836,4.500863406059352,0.28918,0.09,4.880043406059352
ChIJFxhqo4u8cEgRVqqIuemRKnw,The Birmingham Stable,4.3,1648.0,0.97044,4.2999794494085535,0.48522,0.09,4.875199449408553
ChIJi0fhgY-8cEgRtDlnJG25R-U,Geek Retreat Birmingham,4.4,394.0,0.782,4.393951357662317,0.391,0.09,4.874951357662317
ChIJf1Fz2WK8cEgRdB2hFFtP3cA,Santorini Greek Restaurant,4.3,1624.0,0.96892,4.299979150309588,0.48446,0.09,4.8744391503095885
ChIJW1crc1G8cEgRvuD2fFoEZXA,Three Church Road Restaurant,4.3,163.0,0.96576,4.299817121598462,0.48288,0.09,4.872697121598462
ChIJF5clh4O8cEgR-EskG0QqegY,Clayton Hotel Birmingham,4.3,2964.0,0.9625,4.299988497444132,0.48125,0.09,4.871238497444132
ChIJf0iaI4-8cEgRDMQBq4Sd3pE,Staybridge Suites Aparthotel Birmingham by IHG,4.5,1054.0,0.56588,4.495334215811409,0.28294,0.09,4.868274215811409
ChIJ13Otp1a8cEgRJVleQuz_0JQ,Edgbaston House,4.5,699.0,0.5697,4.493046434890208,0.28485,0.09,4.867896434890207
ChIJTyMYHJa9cEgR4txC2cqTd30,O'Neill's Harborne,4.3,1228.0,0.9515,4.299972560942147,0.47575,0.09,4.865722560942147
ChIJ6dUJX4m8cEgRfSZLX2vZV2Y,Tortilla Birmingham Grand Central,4.6,2287.0,0.35636,4.596741184628248,0.17818,0.09,4.8649211846282485
ChIJFeGFF8y9cEgREU0rJUn_1RI,"Goose, The OVT, Selly Oak",4.3,1686.0,0.94462,4.299979905821456,0.47231,0.09,4.862289905821456
ChIJgSy_FfS8cEgRudcu960IEiQ,Asha's Indian Restaurant & Cocktail Bar,4.3,2308.0,0.94048,4.299985263120665,0.47024,0.09,4.860225263120665
ChIJPecyuni-cEgRYtQXvT4VxNc,Kafenion,4.5,798.0,0.55176,4.493882890474497,0.27588,0.09,4.859762890474497
ChIJ3yQMxoi8cEgR8DctEevbS2I,Barclays Bank,4.3,550.0,0.9389,4.299940206713932,0.46945,0.09,4.859390206713932
ChIJ77h3R4y8cEgR4dHewbBxR0Q,Yorks Cafe & Coffee Roasters,4.3,1614.0,0.93764,4.2999790230997625,0.46882,0.09,4.858799023099762
ChIJsRXghou8cEgRGrn5-ck4Ufs,Premier Inn Birmingham City Centre (New St Station) hotel,4.3,1556.0,0.93398,4.299978253548709,0.46699,0.09,4.856968253548709
ChIJS5vcWoi8cEgRsgCdrOoISGQ,Pearce's Shellfish,4.6,48.0,0.5337400000000001,4.496789299459051,0.26687000000000005,0.09,4.853659299459051
ChIJWW_-Vaa9cEgRSzYNFAlT7YQ,"Black Sheep Coffee - AC Hotel by Marriott, The Mailbox",4.5,335.0,0.55206,4.4860156079458635,0.27603,0.09,4.852045607945863
ChIJc6V9Coe8cEgRIaZwItnbSKE,Subside Bar,4.3,1476.0,0.92236,4.299977094510667,0.46118,0.09,4.851157094510667
ChIJX58CFvS8cEgR_yZA6y6XAk0,Felsons - Birmingham,4.5,439.0,0.53686,4.489150040647653,0.26843,0.09,4.847580040647653
ChIJ5yLawF69cEgRcY82pObN18U,Lina Coffee,4.5,45.0,0.65778,4.428080269435869,0.32889,0.09,4.846970269435869
ChIJ78JZ4Fi8cEgR84PnKVBA1Es,Sultan Lounge,4.3,447.0,0.91234,4.2999271586027765,0.45617,0.09,4.846097158602777
ChIJAVxPLYy8cEgRj1EU-RKyEdY,Primitivo,4.4,251.0,0.73018,4.390817459639533,0.36509,0.09,4.845907459639533
ChIJRaPo-ou8cEgRgjIkKFYahoU,Be At One - Birmingham,4.3,2099.0,0.90772,4.299983813022839,0.45386,0.09,4.843843813022839
ChIJOdnhYO68cEgRKUQQ_9YHhzE,The Red Lion,4.4,996.0,0.70146,4.397517746190511,0.35073,0.09,4.838247746190511
ChIJ9fP0Mey8cEgR4WccvWDte0k,Urban Cafe / Bar / Kitchen - Jewellery Quarter,4.3,949.0,0.89316,4.29996470108882,0.44658,0.09,4.83654470108882
ChIJtwidbfi8cEgRomG1jJWYJQE,Hollywood Bowl Birmingham Broadway Plaza,4.3,1884.0,0.8871600000000001,4.299981989974076,0.44358000000000003,0.09,4.833561989974076
ChIJqx-jl4i8cEgRQGmi1m4PXa4,hmv,4.3,2861.0,0.8828199999999999,4.299988086923254,0.44140999999999997,0.09,4.8313980869232545
ChIJh0nLOYq8cEgRu2YEnd6d-2c,"The Victoria, Birmingham",4.3,1967.0,0.88232,4.299982740391822,0.44116,0.09,4.8311427403918215
ChIJJw6Xf3S9cEgRly7fAu89Duk,Hotel du Vin Birmingham,4.3,1660.0,0.881,4.299979595762914,0.4405,0.09,4.830479595762914
ChIJK7Rsy_K8cEgRvy0VNyNMlUg,Itihaas,4.3,1090.0,0.88072,4.299969164897319,0.44036,0.09,4.830329164897319
ChIJ1wbxP_W8cEgRijQPAf6StWg,Rodizio Rico,4.3,3069.0,0.86304,4.299988887802363,0.43152,0.09,4.821508887802363
ChIJ-UZ-oom8cEgRG4ARPLXlDCE,The Sunflower Lounge,4.3,702.0,0.8581799999999999,4.299952708198777,0.42908999999999997,0.09,4.8190427081987774
ChIJ39m4EIy8cEgRnOhxLLqVL_A,Cosy Club,4.3,3159.0,0.8481,4.2999892019034265,0.42405,0.09,4.814039201903427
ChIJ3epMvre9cEgRy5phQKHZmZo,ASIA ASIA FOOD HALL Birmingham,4.3,850.0,0.8439,4.299960707269155,0.42195,0.09,4.8119107072691545
ChIJfy2H8wmicEgRwuVaeQ_Pyu0,Polo Pasta,4.3,132.0,0.8251799999999999,4.299781011850388,0.41258999999999996,0.09,4.802371011850387
ChIJn24_j8G9cEgRWJHyvsZPblw,Al Bayt,4.3,349.0,0.8124399999999999,4.299908071819547,0.40621999999999997,0.09,4.796128071819547
ChIJVbNIsIu8cEgR0a-uTbuRP-E,BrewDog Birmingham,4.3,2840.0,0.8061399999999999,4.299987999602272,0.40306999999999993,0.09,4.793057999602271
ChIJbWaaZoa8cEgRPgWWG0cjR6k,Original Patty Men,4.6,2091.0,0.20572,4.596439328383984,0.10286,0.09,4.789299328383984
ChIJb0mj0oq8cEgRn-gXjgRdALg,Malmaison Birmingham,4.2,1925.0,0.98292,4.201264419928467,0.49146,0.09,4.782724419928467
ChIJQz0pSFG9cEgRGSgahe1S_i8,Hyderabad Wala Birmingham,4.4,605.0,0.5913600000000001,4.395977172794462,0.29568000000000005,0.09,4.7816571727944615
ChIJo_Z3k5a9cEgRK0p7pcVtXeo,Merlin's Cafe Bar,4.2,203.0,0.96136,4.2108141178092575,0.48068,0.09,4.781494117809258
ChIJv1h8yPa8cEgRFnpksiqThWQ,Bank Restaurant Bar & Grill,4.2,1390.0,0.9774,4.201742486827217,0.4887,0.09,4.780442486827217
ChIJS5vcWoi8cEgRZOvAXPI5HQQ,Cafe Neo.,4.3,257.0,0.77414,4.299878081065641,0.38707,0.09,4.77694808106564
ChIJVXOOx4m8cEgRFN2NuAp8b1I,Chung Ying,4.2,2022.0,0.9679,4.201204503595756,0.48395,0.09,4.775154503595756
ChIJK06fTYm8cEgR6Hhj79nW-nM,M&S Food To Go,4.4,262.0,0.58728,4.39116940369516,0.29364,0.09,4.774809403695159
ChIJD037ic69cEgRt1PgpXmLnng,Mr Yummy,4.5,130.0,0.4342,4.467520121680715,0.2171,0.09,4.774620121680715
ChIJmf60mIm8cEgREHa1yUvV4Zk,Taj Mahal Restaurant,4.2,728.0,0.96076,4.2032743942370665,0.48038,0.09,4.773654394237067
ChIJgewx3e28cEgR3hRUm4d7IcI,The Button Factory,4.2,1777.0,0.9629,4.201368267958108,0.48145,0.09,4.772818267958107
ChIJTw9E9XG9cEgRPwFR5hbV9LE,Cuore,4.2,54.0,0.9016,4.231210365322922,0.4508,0.09,4.772010365322922
ChIJW7hYK-y8cEgRtUamPXuE7uQ,The Rose Villa Tavern,4.3,1454.0,0.76188,4.299976753793449,0.38094,0.09,4.770916753793449
ChIJqaqa4oq8cEgRPGjGAwpPTy4,Shogun Cube,4.2,884.0,0.9509,4.202712451991761,0.47545,0.09,4.768162451991762
ChIJ1S24H4y8cEgRK_UGHBzKDKU,Premier Inn Birmingham City Centre (Waterloo Street) hotel,4.2,1199.0,0.9519,4.202014394493881,0.47595,0.09,4.767964394493881
ChIJL4tiVuy8cEgRq-SifH9SWzk,Niche Cafe,4.2,168.0,0.92816,4.212775227256532,0.46408,0.09,4.766855227256532
ChIJYb8BhDm8cEgRIY1Dld5b4dI,The Selly Park Tavern,4.2,1268.0,0.94972,4.201906897803953,0.47486,0.09,4.766766897803953
ChIJ-YgObry9cEgR4XVvp3vEre4,Pizza Express,4.2,724.0,0.94252,4.203291880988667,0.47126,0.09,4.764551880988667
ChIJKduHo_a8cEgRsAogfylW8Fg,Costa Coffee,4.2,504.0,0.9366,4.204660905218357,0.4683,0.09,4.762960905218357
ChIJfwyAa4m8cEgRvkl5IpNsNSQ,All Bar One New Street Station,4.2,1829.0,0.9428,4.2013298915105235,0.4714,0.09,4.762729891510523
ChIJn_FAJES8cEgRotXz9b_047M,The Edgbaston Priory Club,4.5,525.0,0.35796,4.490846579746384,0.17898,0.09,4.759826579746384
ChIJMzoh94u8cEgRNceXhXsZ2-4,Bella Italia - Birmingham,4.2,3652.0,0.9368,4.200670551770604,0.4684,0.09,4.759070551770604
ChIJ5_MoR_K8cEgRnQuvraCIyUw,Rajdoot Indian Restaurant,4.2,497.0,0.92516,4.204723407778757,0.46258,0.09,4.757303407778757
ChIJJ9UK7uy8cEgRsypiieMzqj8,Devon House Jamaican Restaurant & Bar,4.2,713.0,0.92082,4.2033409469654615,0.46041,0.09,4.753750946965461
ChIJMfgeBIa8cEgRsLdDpQcFPBU,Centenary Lounge,4.2,179.0,0.9006399999999999,4.212086366963288,0.45031999999999994,0.09,4.752406366963288
ChIJi1YKS5q9cEgREvEqNU29FeQ,Mr Egg,4.2,148.0,0.8949999999999999,4.214252132141681,0.44749999999999995,0.09,4.7517521321416805
ChIJgTmisIi8cEgRY0i3y9V4LoQ,River Island,4.2,1113.0,0.91832,4.2021666246577425,0.45916,0.09,4.751326624657742
ChIJ____noi8cEgR9n37DwKZ36M,Bill’s Bullring Restaurant,4.2,3214.0,0.91206,4.200761228422511,0.45603,0.09,4.746791228422511
ChIJb0mj0oq8cEgRTDxWCIVo3sc,Zizzi - Birmingham Mailbox,4.2,1239.0,0.90888,4.201950647832683,0.45444,0.09,4.7463906478326825
ChIJo2nlaHy8cEgRyZRi3jfMhvk,Moon Vapez E Cig Vape Shop,4.3,236.0,0.71064,4.2998682714962095,0.35532,0.09,4.745188271496209
ChIJvelGBVe8cEgRpevPEo1DvRk,Davisons Law Edgbaston,4.2,609.0,0.8975200000000001,4.203888988738976,0.44876000000000005,0.09,4.742648988738976
ChIJz7YeR_a8cEgRGcK7MTjsfRE,Five Guys Burgers and Fries Birmingham Five Ways,4.2,1525.0,0.90026,4.201590721845491,0.45013,0.09,4.741720721845491
ChIJW40nUfG8cEgRbCcsoYdVZUs,Malt House,4.2,3140.0,0.89754,4.200779026496212,0.44877,0.09,4.739549026496212
ChIJaX7WHvS8cEgR3H1jiGja3Wg,Pizza Express,4.2,665.0,0.88956,4.203573360667407,0.44478,0.09,4.738353360667406
ChIJffnA5uG9cEgR7d35YGSM27g,Snow House Bar Birmingham,4.4,45.0,0.56714,4.363794555150155,0.28357,0.09,4.737364555150155
ChIJw7LmBYy8cEgRNqJeCn2Ulpw,The Sun On The Hill,4.2,1565.0,0.89056,4.2015507036858555,0.44528,0.09,4.736830703685856
ChIJGXUtuPa8cEgRoeeqmzm5Cpg,Zizzi - Birmingham Brindley Place,4.2,1258.0,0.8886200000000001,4.201921760608349,0.44431000000000004,0.09,4.736231760608349
ChIJbeJYcWG8cEgR4jbwFppZ4h4,O2 Academy Birmingham,4.2,6942.0,0.88652,4.200353899649851,0.44326,0.09,4.733613899649852
ChIJt7s7BIy8cEgRfYGVix8tH1Y,The Indian Streatery,4.2,1984.0,0.8821199999999999,4.201227286640374,0.44105999999999995,0.09,4.732287286640374
ChIJEaM954u8cEgRrCGBa7gZi0k,Five Guys Burgers and Fries Birmingham New St Station,4.2,1483.0,0.88052,4.20163502576957,0.44026,0.09,4.73189502576957
ChIJBcZAT_S8cEgRB07oyiPfZ_U,Canalside Bar,4.3,878.0,0.6681199999999999,4.299961925648406,0.33405999999999997,0.09,4.7240219256484055
ChIJN2YOm7u9cEgRbMSv-RUWb5A,The Mela Restaurant Birmingham,4.3,141.0,0.6672,4.299792884701872,0.3336,0.09,4.723392884701871
ChIJpcaM74i8cEgRg5Re-ejbWwU,Caffè Nero,4.2,644.0,0.85936,4.203685528939478,0.42968,0.09,4.723365528939478
ChIJnZVz2oq8cEgRn2RdoHJLlAc,Nando's Birmingham - Mailbox,4.2,1034.0,0.8463799999999999,4.2023282519929275,0.42318999999999996,0.09,4.715518251992927
ChIJ3aABwIm8cEgR8uiN3PPMDAo,Ming Moon Buffet & Karaoke,4.2,6288.0,0.8495799999999999,4.200390562151198,0.42478999999999995,0.09,4.715180562151198
ChIJCfwWdMa9cEgROBPbvrmi368,Tim Hortons,4.4,4673.0,0.4447,4.399460540413051,0.22235,0.09,4.71181054041305
ChIJ8QVHpru9cEgRX0nuO2SaMjc,Ruby Takeaway Harborne,4.2,118.0,0.80526,4.2172420899336425,0.40263,0.09,4.709872089933643
ChIJlREXPcy9cEgR7IcwCRKVMzc,Woodstock Cafe 筷乐,4.2,94.0,0.7981,4.22071948622278,0.39905,0.09,4.70976948622278
ChIJiUg6IIa8cEgRl8aOB5en74c,Fumo by San Carlo - Birmingham Selfridges,4.2,731.0,0.8329000000000001,4.203261400609142,0.41645000000000004,0.09,4.709711400609142
ChIJsT2lPvS8cEgRr3aFZtruv5k,Tap & Spile Birmingham,4.2,1551.0,0.83554,4.201564478972406,0.41777,0.09,4.709334478972406
ChIJaRbmqo68cEgRX4sF08FjFa0,The Trocadero,4.3,1989.0,0.62942,4.2999829289277605,0.31471,0.09,4.70469292892776
ChIJb8UbXYm8cEgRnUuvRFddCUo,"Giraffe, Grand Central",4.3,1191.0,0.62476,4.2999717260366035,0.31238,0.09,4.7023517260366035
ChIJFdRrLoq8cEgRZigkU_PFQ-o,The Railway,4.2,1852.0,0.8215600000000001,4.2013135955570124,0.41078000000000003,0.09,4.702093595557012
ChIJ59qHo_a8cEgRGB1xxZw-BrE,All Bar One Brindleyplace,4.3,1786.0,0.6241,4.2999810153840485,0.31205,0.09,4.7020310153840486
ChIJ554xeSi9cEgRanEYTf0m7ik,Costa Coffee,4.3,100.0,0.61958,4.2997249508840865,0.30979,0.09,4.699514950884087
ChIJgTmisIi8cEgRXxLqe8_mMUM,Reiss Birmingham,4.1,107.0,0.94322,4.1376183247008385,0.47161,0.09,4.699228324700838
ChIJPZxvT5q9cEgRffsbY34ITiU,Breakfast & Dessert Corner @ Rooster House (Halal),4.3,153.0,0.6141,4.299806847530959,0.30705,0.09,4.6968568475309596
ChIJ-0Qa7su9cEgRBb-hKW9sRqI,Bournbrook Pavilion,4.4,21.0,0.5235,4.344904757837192,0.26175,0.09,4.696654757837192
ChIJS-YscH28cEgRwE9rxRJNN8k,wagamama birmingham bullring,4.3,1246.0,0.61118,4.2999729495362,0.30559,0.09,4.6955629495362
ChIJv1GUc1O8cEgRSv8A-SY04AU,Edgbaston High School for Girls,4.0,23.0,0.8960799999999999,4.155533726260642,0.44803999999999994,0.09,4.693573726260642
ChIJvW-R9rq9cEgRThz5YqltneU,M&S Foodhall,4.3,497.0,0.6060399999999999,4.299934135748105,0.30301999999999996,0.09,4.692954135748105
ChIJX6aMPfS8cEgRsoCKngHOdcY,Karaoke Box Birmingham,4.3,650.0,0.59898,4.2999490649785335,0.29949,0.09,4.689439064978533
ChIJ2cxy_fa8cEgRP0GO75FGJ20,Recess at Brindleyplace,4.3,82.0,0.59858,4.299678680939353,0.29929,0.09,4.688968680939353
ChIJMW8DUYm8cEgRk9yUbGOO3yE,Macdonald Burlington Hotel,4.1,1882.0,0.98702,4.102603890330629,0.49351,0.09,4.6861138903306285
ChIJOzSfso68cEgRuRBJQ0Cw3I8,The Windsor,4.1,1536.0,0.9816,4.103181049878611,0.4908,0.09,4.683981049878611
ChIJS-YscH28cEgRWj-b_3ET7Ck,Pizza Express,4.1,1088.0,0.97584,4.104461472471258,0.48792,0.09,4.682381472471258
ChIJ0-Wfgs69cEgRHSI7cOHUffg,Dilshad Indian & Takeaway,4.3,598.0,0.58212,4.299944813580273,0.29106,0.09,4.681004813580273
ChIJFX4mwYm8cEgRkggX10glfNw,Milano bar ristorante,4.1,765.0,0.96892,4.106285593494317,0.48446,0.09,4.680745593494318
ChIJwzRBKPO8cEgRuILWfeSZZAg,Hotel ibis Styles Birmingham Centre,4.1,1547.0,0.96358,4.103158790623734,0.48179,0.09,4.674948790623734
ChIJdz0Nv4i8cEgRAWvJR-rxSZo,Five Guys Burgers and Fries Birmingham Bullring,4.2,3565.0,0.76456,4.200686801911006,0.38228,0.09,4.672966801911006
ChIJId4wE3-8cEgRhNXdFbcE-j4,The Moseley Arms,4.1,883.0,0.94486,4.105468743238448,0.47243,0.09,4.667898743238448
ChIJt-IJNYi8cEgRimb8SHXSQ9w,Topokki,4.3,1243.0,0.54912,4.29997288553668,0.27456,0.09,4.66453288553668
ChIJp1fH7Iu8cEgRjLvD3jP6srY,Candy and Liquor,4.4,130.0,0.37964,4.38364915393878,0.18982,0.09,4.66346915393878
ChIJqx-jl4i8cEgR39Cg3RhRTlg,Nando's Birmingham - Bullring,4.1,2454.0,0.9328800000000002,4.102003073360431,0.4664400000000001,0.09,4.658443073360432
ChIJD8zYtae9cEgR8Ok6KtD0mLs,EL&N London - New Street,4.1,1919.0,0.9278,4.102554330689563,0.4639,0.09,4.656454330689563
ChIJATQWtfe8cEgR5CoxUZNva6M,Premier Inn Birmingham City Centre Broad Street hotel,4.1,841.0,0.91844,4.105733970970567,0.45922,0.09,4.654953970970567
ChIJWRlB8Yi8cEgRjIEti9IZjjA,MyCookieDough Birmingham,4.3,103.0,0.52782,4.29973139734774,0.26391,0.09,4.65364139734774
ChIJYzICPvS8cEgRSwPQQecV174,Barajee,4.1,488.0,0.90036,4.10967956892887,0.45018,0.09,4.6498595689288695
ChIJqx-jl4i8cEgRqvrnk-wYJR8,Clarks,4.3,569.0,0.5131,4.29994211929379,0.25655,0.09,4.646492119293789
ChIJf6PSZWu8cEgRRSPL9pl78Dw,ALDI,4.3,2639.0,0.51068,4.299987094166858,0.25534,0.09,4.645327094166858
ChIJTzY1E7y9cEgRJSYz2CpZKX8,Green Man,4.1,1717.0,0.90398,4.102850527474461,0.45199,0.09,4.644840527474461
ChIJbyuuOYi8cEgRW7fXoL-Az1g,Pizza Hut Restaurants Birmingham,4.1,1373.0,0.90164,4.103551944821539,0.45082,0.09,4.644371944821539
ChIJEUfiZvS8cEgRJ6Oq1srZjM0,Aria Restaurant,4.0,91.0,0.97332,4.064358783280265,0.48666,0.09,4.6410187832802645
ChIJe-EGalW9cEgR16yilyJyk7I,Naked Chicken JQ,4.4,45.0,0.37312,4.363794555150155,0.18656,0.09,4.640354555150155
ChIJGVsYgva8cEgR9BaQc2BEYQU,Pushkar Cocktail Bar & Dining,4.1,1072.0,0.8833,4.10452654408433,0.44165,0.09,4.63617654408433
ChIJ-XpOK4i8cEgRdc9nudYentw,The Arcadian by M,4.1,4880.0,0.88724,4.101012358585221,0.44362,0.09,4.634632358585221
ChIJeQgQWY68cEgR5ROs6_IFjmk,Pret A Manger,4.2,467.0,0.6769999999999999,4.2050114204481925,0.33849999999999997,0.09,4.633511420448192
ChIJY3YSB4y8cEgRphjoh-8aKu4,Pret A Manger,4.1,388.0,0.85686,4.112023290219154,0.42843,0.09,4.630453290219154
ChIJySBaYoe8cEgRGIwJjwSSyV0,Star Coffee,4.1,34.0,0.6959,4.184163031534081,0.34795,0.09,4.622113031534081
ChIJG1bNqBq9cEgRppVK-o298pI,B:eats,4.4,22.0,0.3714,4.346076997032145,0.1857,0.09,4.6217769970321445
ChIJn46u-ou8cEgRdW1PzpR1tBQ,Costa Coffee,4.3,548.0,0.45994,4.299939998011363,0.22997,0.09,4.619909998011362
ChIJTx4pk028cEgRT_XyRsD5eU0,Duck and Scholar,4.2,79.0,0.6110599999999999,4.223707873658758,0.30552999999999997,0.09,4.619237873658758
ChIJcQUO3_GWcEgRLqMuD3pI-u0,Birmingham New Street,4.2,3238.0,0.6554399999999999,4.200755629439323,0.32771999999999996,0.09,4.618475629439323
ChIJ2Tpe4Ye8cEgRBzbIdzRMOYw,Premier Suites - Serviced Apartments Birmingham,4.0,143.0,0.94388,4.04443820750304,0.47194,0.09,4.60637820750304
ChIJeZBR-GG9cEgRHaEk95eaNgY,Pret A Manger,4.2,60.0,0.5652200000000001,4.229007280711892,0.28261000000000003,0.09,4.601617280711892
ChIJqQE8-Ii8cEgR9J3zRQivcys,The Entertainer,4.3,1122.0,0.4162599999999999,4.299970025161736,0.20812999999999995,0.09,4.598100025161735
ChIJ-UrS84u8cEgRGtLM1_ZlAn8,YO! Birmingham Grand Central,4.2,812.0,0.6077199999999999,4.2029457811953534,0.30385999999999996,0.09,4.5968057811953535
ChIJTa0BVom8cEgRYFEbyqYl4qQ,The Shakespeare,4.2,2374.0,0.60428,4.201027769429142,0.30214,0.09,4.593167769429141
ChIJS6aKBWNhd0gRxjlDJtxAHtY,Domino's Pizza - Birmingham - Selly Oak,4.0,474.0,0.97336,4.0149611600411035,0.48668,0.09,4.591641160041103
ChIJq1KJiUG8cEgRxcB120xQRJE,The Island House - Edgbaston,4.2,526.0,0.5908399999999999,4.2044748073693485,0.29541999999999996,0.09,4.589894807369348
ChIJs03QPEe8cEgRbrCTDywax4c,Elmhurst Ballet School,4.4,56.0,0.25412,4.368711343956924,0.12706,0.09,4.585771343956924
ChIJb_YpZNO9cEgRPFuVJLy5osQ,Tin Sing Chinese Take Away,4.2,53.0,0.5259199999999999,4.231610498211677,0.26295999999999997,0.09,4.584570498211677
ChIJ_ab3fMy9cEgRm5dlNJXr43M,Cafe 55,4.2,331.0,0.56414,4.206925895675592,0.28207,0.09,4.578995895675592
ChIJERNUbom8cEgR2p3wbIevNBQ,LEON,4.0,706.0,0.95688,4.0102128848981,0.47844,0.09,4.5786528848981
ChIJt6NPZ4y8cEgRdZvLHG_wrRo,Starbucks Coffee,4.2,821.0,0.56918,4.202914443097531,0.28459,0.09,4.5775044430975305
ChIJt8pdY9O9cEgRjY02OuVxlGk,The Country Girl,4.2,1991.0,0.56942,4.201223025228429,0.28471,0.09,4.575933025228428
ChIJ63al4529cEgRIqiLqBd4F-c,Costa Coffee,4.1,623.0,0.7436,4.10766299206869,0.3718,0.09,4.56946299206869
ChIJs7X3W4m8cEgRnDgH1-wDQ5I,Caffè Concerto Birmingham,4.0,624.0,0.93486,4.011503264808183,0.46743,0.09,4.568933264808183
ChIJ4RCuIvS8cEgR7rJosJ7aLnE,Celebrity Indian Balti - Best Indian Restaurant Birmingham,4.0,493.0,0.92376,4.014412391622607,0.46188,0.09,4.566292391622607
ChIJkyTZ1e28cEgR9feJ_GAyB94,Ada Restaurant,4.0,472.0,0.91852,4.015021365916521,0.45926,0.09,4.564281365916521
ChIJv_-3d5u8cEgRRVW6r0-FbWw,Sacks Of Potatoes,4.3,1175.0,0.34122,4.299971349050425,0.17061,0.09,4.560581349050425
ChIJ5cWKD4y8cEgRAaoY0P2gzo8,J D Wetherspoon - The Briar Rose,4.0,5894.0,0.93464,4.001261297323959,0.46732,0.09,4.558581297323959
ChIJfUV-aYO8cEgR-x4MyjPT-iA,ibis Birmingham New Street Station,4.0,2892.0,0.9272,4.0025593482552315,0.4636,0.09,4.556159348255232
ChIJ9Rz8Zom8cEgRNeUNVH0nTeI,Costa Coffee,4.2,426.0,0.51192,4.2054670041253015,0.25596,0.09,4.551427004125301
ChIJq_ayrEu8cEgR-vTjhkANafg,University Of Birmingham Conference Park,4.3,65.0,0.32002,4.299617987339008,0.16001,0.09,4.549627987339008
ChIJ6Zjbqaa9cEgRWq_jB-CVgjY,Nando's Selly Oak,4.1,1415.0,0.70442,4.10344834643091,0.35221,0.09,4.54565834643091
ChIJAYGrsPK8cEgRJk7_AeMe_rU,The Queens Arms,4.1,750.0,0.69632,4.106407250142595,0.34816,0.09,4.544567250142594
ChIJu0QMQPS8cEgRAxhNamsEmu4,Walkabout - Birmingham,4.0,1988.0,0.89768,4.003708702861655,0.44884,0.09,4.542548702861654
ChIJGzQKl4i8cEgRt2Gmw-dxtF0,The Kooples,4.1,25.0,0.5034,4.199312377210216,0.2517,0.09,4.541012377210215
ChIJ7Uj-mPa8cEgRPmlS5TrXxcY,Yorks Cafe - Ikon Gallery,4.1,214.0,0.6603399999999999,4.120776647951928,0.33016999999999996,0.09,4.540946647951928
ChIJ5VC7vuW9cEgRztHDtGYnzLA,SOHO Coffee Bullring,4.0,415.0,0.86466,4.01696731559207,0.43233,0.09,4.53929731559207
ChIJS-YscH28cEgRuKeOWvzp1a8,The Bull Ring Tavern,4.1,1066.0,0.68692,4.104551438002301,0.34346,0.09,4.538011438002301
ChIJ8QKAZ228cEgREgHdNJehdLM,Bull Ring Indoor Market,4.3,2719.0,0.289,4.2999874704302155,0.1445,0.09,4.534487470430215
ChIJ2eXXfIm8cEgR_kC4WuQF1B8,Nando's Birmingham - Grand Central,4.2,842.0,0.47998,4.2028438510501855,0.23999,0.09,4.532833851050185
ChIJH_XGH4y8cEgRrrFN_9lwr0U,Bar + Block Steakhouse Birmingham City Centre (Waterloo Street),4.1,1714.0,0.6733800000000001,4.1028554450031685,0.33669000000000004,0.09,4.529545445003168
ChIJHwYOnva8cEgRLQy4JLQ1KIE,The Brasshouse,4.1,2855.0,0.67416,4.101724173215455,0.33708,0.09,4.528804173215455
ChIJPz9nGPW8cEgRitSSppCuwBM,Premier Inn Birmingham City Centre Bridge Street hotel,4.2,1221.0,0.46684,4.201978827335884,0.23342,0.09,4.525398827335883
ChIJJwmjj4-8cEgRY3SJ7QfSxcA,Pepe's,4.0,863.0,0.849,4.008407228446521,0.4245,0.09,4.522907228446521
ChIJt9RG0428cEgRdCdWQArOiYc,"The Roebuck, Birmingham",4.2,621.0,0.45574,4.203816747462092,0.22787,0.09,4.521686747462092
ChIJrdPqHI-8cEgR3W6Ye2pzbyU,German Doner Kebab (GDK),4.3,3450.0,0.2594999999999999,4.299990106146909,0.12974999999999995,0.09,4.519740106146909
ChIJbRMAPbS9cEgR00BS0eCsJ9c,豆瓣匠Sichuan Cuisine,4.0,51.0,0.6616,4.098231827111984,0.3308,0.09,4.519031827111984
ChIJ45PgHYu8cEgRBBZKtENzocc,Boots,4.2,1462.0,0.45262,4.201658116247822,0.22631,0.09,4.517968116247822
ChIJJcyEGGC8cEgRs5ycrQUezTY,Pad Thai Restaurant & Karaoke Bar,4.0,324.0,0.80968,4.021391458053039,0.40484,0.09,4.516231458053039
ChIJs0N2fHu8cEgRoE4nUsiOFx8,The Sandwich Bar,4.0,20.0,0.51502,4.165902641344685,0.25751,0.09,4.513412641344685
ChIJ2Y0vzYu8cEgRC-Vc1u6h0OA,Holiday Inn Birmingham City Centre by IHG,4.0,2685.0,0.8383799999999999,4.002754840907937,0.41918999999999995,0.09,4.511944840907937
ChIJ1YvydIy8cEgRD7Ne2aRUvl8,Medicine Bakery,4.1,1586.0,0.6039,4.103082320832098,0.30195,0.09,4.495032320832098
ChIJ5YY9yca9cEgREhSN2PEcz_Y,Four Seasons Donya,4.2,119.0,0.3709,4.217122353197992,0.18545,0.09,4.492572353197992
ChIJV-BmKWC8cEgRY8s9bXAOtB4,B&B HOTEL Birmingham Centre,4.1,1711.0,0.58988,4.102860379527944,0.29494,0.09,4.487800379527943
ChIJ_zM_pPa8cEgRHhLtwzEzid8,wagamama birmingham brindley place,4.3,1065.0,0.19116,4.299968457670193,0.09558,0.09,4.485548457670193
ChIJ51nePcy9cEgRtF_4TwW82oU,Circo Student Bar Birmingham,3.9,349.0,0.93284,3.926646039733986,0.46642,0.09,4.483066039733986
ChIJu0QMQPS8cEgRrvFZ5R7YuG8,Jimmy Spices,3.9,3803.0,0.97532,3.9026033487096425,0.48766,0.09,4.480263348709642
ChIJP7T7t8W9cEgR26-UPspswLQ,Lane7 The Bullring (Birmingham),4.3,657.0,0.177,4.29994958777201,0.0885,0.09,4.47844958777201
ChIJ3SfQfWK8cEgRC6oY3cvvP7U,Missing Bar,3.9,225.0,0.8951,3.939862475442043,0.44755,0.09,4.477412475442042
ChIJMzoh94u8cEgRdq9n03OGBvs,Coventry Building Society Birmingham City Centre,3.8,21.0,0.62228,4.0709917143589305,0.31114,0.09,4.47213171435893
ChIJ38pTJo-8cEgRVVEsyzWOYm0,Shawarma City,4.3,926.0,0.1610799999999999,4.299963847382241,0.08053999999999994,0.09,4.470503847382241
ChIJGzt9nzm9cEgRLj5P-m5klQk,Bubbleology Bullring,4.1,481.0,0.53402,4.109813476008914,0.26701,0.09,4.466823476008914
ChIJR6chHoy8cEgRN2HCVNJLsNY,Fumo by San Carlo - Birmingham Waterloo St,4.1,1536.0,0.54714,4.103181049878611,0.27357,0.09,4.466751049878611
ChIJ6YJ-2fe8cEgRZbhc-EPaYV0,Nando's Birmingham - Broad Street,4.1,2032.0,0.5421199999999999,4.10241401014123,0.27105999999999997,0.09,4.46347401014123
ChIJ2T0f2Yi8cEgRTurceDYMfm0,Pizza Hut,4.0,1776.0,0.7362,4.004145263109668,0.3681,0.09,4.462245263109668
ChIJ_xxNQuW8cEgROtbMnN7CzzE,Tesco Cafe,4.0,82.0,0.59538,4.069772138883279,0.29769,0.09,4.457462138883279
ChIJgxA_XIu8cEgRgSi9oTVcSnY,Athens Greek Restaurant,4.1,242.0,0.49462,4.1185978234476055,0.24731,0.09,4.455907823447605
ChIJj9BEoY68cEgROLMAHbHCNVg,San Carlo - Birmingham,4.1,1667.0,0.5054000000000001,4.102934762919923,0.25270000000000004,0.09,4.445634762919923
ChIJp_k-CIy8cEgRxwn7SNFaF-8,Blue Arrow,4.0,165.0,0.6303799999999999,4.039292730844794,0.31518999999999997,0.09,4.444482730844794
ChIJh_jDIo-8cEgRPTHivVkLs9U,Caffè Nero,4.2,605.0,0.2969,4.203913680730969,0.14845,0.09,4.44236368073097
ChIJQQYah_a8cEgRgRsnGqM1FCs,Figure of Eight - JD Wetherspoon,4.1,4432.0,0.48972,4.101114116863475,0.24486,0.09,4.435974116863475
ChIJMfgeBIa8cEgRQ98Unm4RVq8,Espresso Station,4.0,57.0,0.5065799999999999,4.091044132445253,0.25328999999999996,0.09,4.434334132445253
ChIJU0BJGQa9cEgRw6TuqDeY6Aw,Chai & Crumbs,4.2,327.0,0.2705,4.2070045990355425,0.13525,0.09,4.432254599035542
ChIJr2UZgeS9cEgR0w8FiCDXE4Y,Dr Shawarma,4.2,210.0,0.2322,4.210491995151109,0.1161,0.09,4.4165919951511095
ChIJ5cQyXsq9cEgRyjk5naiztA0,Costa Coffee,4.0,178.0,0.57162,4.036776447588723,0.28581,0.09,4.412586447588723
ChIJDfsj8Yi8cEgRkxowt3DDEm8,St martin tea lounge,3.9,131.0,0.7125999999999999,3.9638821721827613,0.35629999999999995,0.09,4.410182172182761
ChIJTwrlfLe9cEgRJ5ziCE2Ydvg,M&S Foodhall,4.2,346.0,0.21614,4.206645872939383,0.10807,0.09,4.4047158729393825
ChIJXYjyD6i9cEgRU0STl6Ag1j0,Braska Coffee,4.0,103.0,0.50968,4.058325147347741,0.25484,0.09,4.403165147347741
ChIJiaYdLlS8cEgRYme6C-DLJI0,The Blue Piano,4.3,630.0,0.0176999999999999,4.299947509710703,0.00884999999999995,0.09,4.398797509710703
ChIJs2mrO_a8cEgRG42nlwT5Wkk,Khayyam Restaurant (Birmingham),4.0,305.0,0.5672200000000001,4.022623087456093,0.28361000000000003,0.09,4.3962330874560935
ChIJvfdiKIe8cEgRgPv6_ClxkIM,Pirlo's Dessert Lounge,3.8,543.0,0.96604,3.8219465120783638,0.48302,0.09,4.394966512078364
ChIJq3HHzPe8cEgRpJQ3PeuC5i4,The Bierkeller,3.8,640.0,0.94466,3.8187452915195648,0.47233,0.09,4.381075291519565
ChIJEaVpJjq8cEgRvD20Y-VhTcc,The Jumbo Chinese Takeaway,4.0,83.0,0.4407199999999999,4.069126100560285,0.22035999999999994,0.09,4.379486100560285
ChIJI3C2eIm9cEgR6RV9g3pIPq8,Starbucks Coffee,4.0,237.0,0.52184,4.028494728475232,0.26092,0.09,4.379414728475232
ChIJ3SfQfWK8cEgRwsp6_gpW21c,The Dragon Inn - JD Wetherspoon,4.0,3416.0,0.56132,4.002169607341037,0.28066,0.09,4.372829607341037
ChIJ_47PQfW8cEgRYqx2fkaQMyU,"Marco Pierre White Steakhouse, Bar & Grill Birmingham",3.8,4892.0,0.94892,3.8025352082286985,0.47446,0.09,4.3669952082286985
ChIJDTP4UpK8cEgRk4eNleGlGGM,City kebab and pizza house,3.9,478.0,0.6898,3.919812363539783,0.3449,0.09,4.354712363539782
ChIJazZXZIm8cEgR-cAdRcXQ7Xg,Frizzenti,4.0,89.0,0.39568,4.065487884741323,0.19784,0.09,4.353327884741323
ChIJqx-jl4i8cEgROGz9l4KNS1g,Apple Birmingham,4.0,2926.0,0.50764,4.002529860677909,0.25382,0.09,4.346349860677909
ChIJzcMvgX-8cEgR_UShM6LE7LA,Lè Mirage Lounge,4.1,441.0,0.27268,4.110655834464615,0.13634,0.09,4.336995834464615
ChIJf28o2C29cEgRLdM-yg3QjrU,Costa Sports Centre - University Of Birmingham,4.3,75.0,-0.10798,4.299656188605107,-0.05399,0.09,4.335666188605107
ChIJncFTLI-8cEgRIXfd0s1Irrw,TGJones,3.8,465.0,0.8289199999999999,3.8254400384908385,0.41445999999999994,0.09,4.329900038490838
ChIJ92eMaYm8cEgRnHll-FIJph4,Avanti West Coast Trains First Class Lounge,3.9,143.0,0.55426,3.959319159883993,0.27713,0.09,4.3264491598839925
ChIJLSd5Cle8cEgRMzlhXvtZmxk,Costa Coffee,4.2,925.0,0.06568,4.202595388274222,0.03284,0.09,4.325435388274222
ChIJuQ28zYm8cEgRkYo-5Gu5b4c,Sobar,3.8,256.0,0.7781,3.8443616329555543,0.38905,0.09,4.323411632955554
ChIJ1YvydIy8cEgR5vCROzyzghw,Costa Coffee,4.1,362.0,0.23764,4.112831056487108,0.11882,0.09,4.3216510564871085
ChIJP4gkSY-8cEgR79i7K9O6E_c,Holland & Barrett - Birmingham High Street,3.8,57.0,0.53338,3.952019742201351,0.26669,0.09,4.3087097422013505
ChIJS-YscH28cEgRioHunA-zQEI,YO! Birmingham Selfridges,4.0,296.0,0.37372,4.0232573796277595,0.18686,0.09,4.30011737962776
ChIJi-tT2ve8cEgRuaHHvVZuEXQ,Starbucks Coffee,4.0,352.0,0.37178,4.019802702547774,0.18589,0.09,4.295692702547774
ChIJw9PGs_a9cEgR9pQWX5puJrI,INTIMATE LOUNGE & BAR,4.1,25.0,0.0122799999999999,4.199312377210216,0.00613999999999995,0.09,4.295452377210216
ChIJtWA2jAS9cEgRPQKUy3XirEA,Starbucks,3.9,138.0,0.4875999999999999,3.9611387660154036,0.24379999999999996,0.09,4.294938766015403
ChIJk6pr2oq8cEgRLemxMhpuU2Y,Pennyblacks,3.8,368.0,0.7212,3.831719131960587,0.3606,0.09,4.282319131960587
ChIJB-Wuvsa9cEgRI_QjJqFGP1U,Shell,3.8,74.0,0.52896,3.9259153420253616,0.26448,0.09,4.280395342025361
ChIJXwKJiYm8cEgRSBodZ4OqoAk,Lobby on Hill Street,3.9,47.0,0.2849199999999999,4.03841137306265,0.14245999999999995,0.09,4.27087137306265
ChIJjUJ_isq9cEgRdc3spu8wo48,Go Mex,3.8,56.0,0.44152,3.9538965291421087,0.22076,0.09,4.264656529142108
ChIJ9yW-Ioa8cEgRb4yGTs2rlIs,Pret A Manger,4.0,217.0,0.26674,4.030849664712854,0.13337,0.09,4.2542196647128545
ChIJaWOFBTW8cEgRsRYuvcf2LyM,Subway,3.8,54.0,0.40574,3.957792643803934,0.20287,0.09,4.250662643803934
ChIJW3h_mxq9cEgRBgkQUfA0dU8,Costa Coffee,3.8,28.0,0.2448199999999999,4.035200355858695,0.12240999999999995,0.09,4.247610355858695
ChIJVVWVQfW8cEgR-QD0IhVeaoQ,The Cube,4.3,2323.0,-0.2852599999999999,4.299985357265975,-0.14262999999999995,0.09,4.247355357265976
ChIJ50qyDou8cEgRvT2btKtRC44,Subway,3.8,500.0,0.6590199999999999,3.823744035924782,0.32950999999999997,0.09,4.243254035924782
ChIJxbYeR_a8cEgRL9R02VHo2FA,Grosvenor Casino,3.9,269.0,0.4014,3.9338966627908527,0.2007,0.09,4.224596662790852
ChIJDQx0iUG8cEgRVZRMqkvaKXo,Twelfth Man Edgbaston (Previously Edgbaston Sports Bar),3.9,256.0,0.39458,3.9354648358025295,0.19729,0.09,4.2227548358025295
ChIJc7cTtUSicEgRKm7TltAXLIc,Travelodge Birmingham Central Bull Ring,3.9,2420.0,0.45664,3.9040759177343602,0.22832,0.09,4.22239591773436
ChIJTQIHTYW8cEgR6tgnPff5BYQ,The Square Peg - JD Wetherspoon,3.9,7960.0,0.43868,3.9012480424371336,0.21934,0.09,4.210588042437133
ChIJX2tG2Im8cEgRKjQ0wJ5BRfY,Pepper Chef,3.7,544.0,0.77634,3.7263016148690875,0.38817,0.09,4.204471614869087
ChIJz2aaTVa8cEgRlQvHxoTlLQM,Morrisons Cafe,3.5,102.0,0.91404,3.657209597326857,0.45702,0.09,4.204229597326856
ChIJLcl9HAC9cEgRKXnNTsDsPIY,Caffè Nero,3.6,51.0,0.55662,3.8298107744804053,0.27831,0.09,4.198120774480405
ChIJY9ZyYYm8cEgR6GdehjQdV9I,Wasabi Sushi & Bento,3.8,463.0,0.55804,3.8255443009436694,0.27902,0.09,4.194564300943669
ChIJPxX0dom8cEgRQYySdfU6GVo,Station Bar,3.6,50.0,0.52152,3.832874918140144,0.26076,0.09,4.183634918140144
ChIJsTI1FYe8cEgRRBMGqXdMZKc,Digbeth Kitchen,3.7,42.0,0.3367,3.9233674456792658,0.16835,0.09,4.181717445679266
ChIJYZ6v6om8cEgR67W9xEMpmhk,Genting Casino Birmingham Chinatown,3.9,412.0,0.3354,3.922804619818102,0.1677,0.09,4.180504619818102
ChIJz7YeR_a8cEgRsGVaCf8jb5o,Shooters Rack 'n' Roll Bar,3.7,157.0,0.59978,3.782228675057752,0.29989,0.09,4.172118675057751
ChIJj_KK3GC9cEgRwIBYZtKtoDY,Costa Coffee,3.6,22.0,0.208,3.9716089119257614,0.104,0.09,4.165608911925761
ChIJgTmisIi8cEgRaVm1rU866FM,ZARA,3.9,2793.0,0.33464,3.9035364154934387,0.16732,0.09,4.160856415493439
ChIJ8Q1mlsq9cEgRQXuRk6FoRB0,Food Fellows Coffee Shop at the Library,4.0,176.0,0.06064,4.037142382390601,0.03032,0.09,4.157462382390601
ChIJ38pTJo-8cEgRD8lgtXllNb0,Burger King,3.8,2289.0,0.50392,3.8053870435870834,0.25196,0.09,4.147347043587083
ChIJu0QMQPS8cEgRsCQMRIKKDwQ,The Soloman Cutler - Disco Spoon's,4.0,3458.0,0.10388,4.002143444978613,0.05194,0.09,4.144083444978613
ChIJt4qOisq9cEgRM2DrI9SsP2s,Go Central,3.8,32.0,0.0562,4.01869506772826,0.0281,0.09,4.13679506772826
ChIJKT0uxPa8cEgRe_MQZBkk1KI,Caffè Nero,4.0,512.0,0.0501799999999999,4.013902455978605,0.02508999999999995,0.09,4.128992455978604
ChIJIY7CWli8cEgRlQr852wf0Dw,McDonald's,3.8,4725.0,0.47248,3.8026243408127387,0.23624,0.09,4.128864340812738
ChIJh_NWP9C9cEgR2g5K9pH3-zw,Pizza Pepper (Selly Oak),3.9,241.0,0.19912,3.937464732558311,0.09956,0.09,4.127024732558311
ChIJyUW0d7y9cEgRe5sL51hZDs0,Harborne Stores,4.1,578.0,-0.14448,4.108234857148442,-0.07224,0.09,4.125994857148442
ChIJDej3kbu9cEgR3jQG57NjzFw,Yorks Cafe - Paradise,3.5,154.0,0.84284,3.6115397701704515,0.42142,0.09,4.122959770170452
ChIJORnWQD29cEgRUtL9cEPlXpg,Kitty Café Birmingham,3.5,2139.0,0.96472,3.509226256405042,0.48236,0.09,4.081586256405042
ChIJs1hsN4m8cEgRldUmFmmhDCQ,Baguette World,3.8,130.0,0.22108,3.8804233474871666,0.11054,0.09,4.080963347487167
ChIJu1-P_Iu8cEgRO4NtO3aKETE,Caffè Nero,4.1,200.0,-0.28118,4.122069417157825,-0.14059,0.09,4.071479417157826
ChIJS-YscH28cEgR-dHZtAfaVW0,Muffin Break,3.8,328.0,0.2923199999999999,3.8353133678768008,0.14615999999999996,0.09,4.071473367876801
ChIJcyC4PYq8cEgRNuDcIsFDsww,"Radisson Blu Hotel, Birmingham",4.1,2196.0,-0.24154,4.102235758154214,-0.12077,0.09,4.071465758154215
ChIJe9hdZYi8cEgR0vEThbtjXmY,Edgbaston Street Car Park,3.7,329.0,0.4472799999999999,3.7422757594929688,0.22363999999999995,0.09,4.055915759492969
ChIJPWOWEIq8cEgRgJH655tjtY4,No.1 Chinese Cafe,3.8,82.0,0.0814599999999999,3.9165011108458954,0.04072999999999995,0.09,4.047231110845895
ChIJu7BaptC9cEgRYeOjco6Lonw,Costa Coffee,3.8,339.0,0.23082,3.834246205660744,0.11541,0.09,4.0396562056607435
ChIJLZImtYm8cEgRgH1gf4lneq0,Royal 1 club(皇家一号）,3.6,42.0,0.13738,3.860680878515087,0.06869,0.09,4.019370878515087
ChIJQ2TDmvi8cEgRDvRWQlSIBLQ,Domino's Pizza - Birmingham - Edgbaston,3.6,312.0,0.53786,3.6518267621973615,0.26893,0.09,4.010756762197362
ChIJ4_qPW-68cEgRs5hbwt811zQ,Klassic Grill Bar Restaurant,3.7,236.0,0.32048,3.757339535864026,0.16024,0.09,4.007579535864026
ChIJbz6cyy-9cEgR8SqR993xShM,Bubble Waffles,3.6,138.0,0.3865,3.707151035954054,0.19325,0.09,3.990401035954054
ChIJqx-jl4i8cEgRWUban4qRlC8,Next,3.9,572.0,-0.0326,3.9166928289120784,-0.0163,0.09,3.990392828912078
ChIJ_YMIFKS9cEgR0QA9ci87hBk,McDonald's,3.8,722.0,0.1574999999999999,3.8166875754491443,0.07874999999999995,0.09,3.985437575449144
ChIJbeBZPFG9cEgRKh7UUVUxoo0,The London and North Western - JD Wetherspoon,3.5,459.0,0.70188,3.541251278637419,0.35094,0.09,3.9821912786374187
ChIJt6NPZ4y8cEgR4bVdGnWfQyw,Starbucks Coffee,4.0,2431.0,-0.22678,4.003039747093042,-0.11339,0.09,3.979649747093042
ChIJTw6n04e8cEgRZD9dmD8W3UA,Khan Palace,3.8,227.0,0.0740599999999999,3.8494667415099633,0.03702999999999995,0.09,3.9764967415099632
ChIJNRsaMey8cEgRM6iass1J7Ms,Lunchi,3.8,72.0,-0.09842,3.928511534644441,-0.04921,0.09,3.969301534644441
ChIJGdnwS4y8cEgRKLqgxvVfEtM,Bushwackers,3.7,236.0,0.21206,3.757339535864026,0.10603,0.09,3.953369535864026
ChIJX5k5hYm8cEgR6GfM6YRxByQ,"Britannia, Birmingham Grand Central Car Park",3.8,313.0,0.04888,3.8368805291731087,0.02444,0.09,3.9513205291731084
ChIJ-fPPlom8cEgRrXn0ofZhrxU,Subway,3.8,312.0,0.0372,3.836989966945136,0.0186,0.09,3.945589966945136
ChIJXS1j0Oe9cEgRTgJHQKN24Us,The Avenue Club and Lodge,3.5,418.0,0.61188,3.5450691170666158,0.30594,0.09,3.9410091170666157
ChIJDa6OrYu8cEgRJDzTHN9Nayk,Babylon Shisha Bar & Restaurant,3.7,404.0,0.20484,3.7348848924487434,0.10242,0.09,3.9273048924487433
ChIJa9_T64a8cEgR-119-yrBm6g,Chicken.Com,3.5,51.0,0.13972,3.762705511322511,0.06986,0.09,3.9225655113225106
ChIJadQ5Ocy9cEgRPsrvtqXwdiU,Amaa Dosaa,3.5,458.0,0.5823400000000001,3.5413366850114096,0.29117000000000004,0.09,3.9225066850114096
ChIJgTmisIi8cEgRR5BwsYEd2sA,Starbucks Coffee,3.7,148.0,0.0703599999999999,3.786506467401797,0.03517999999999995,0.09,3.911686467401797
ChIJzR7MZom8cEgR8ohIvlRaWp8,Pret A Manger,3.5,105.0,0.30894,3.653581683542391,0.15447,0.09,3.898051683542391
ChIJc2LZt4u8cEgRW1DPOWfeoKo,Grosvenor Casino,3.8,595.0,-0.03826,3.8201058368717917,-0.01913,0.09,3.8909758368717915
ChIJ3Q5sh8y9cEgRuVrOHgbADfw,Turkish Kitchen Selly Oak,3.7,182.0,0.0547399999999999,3.772297675654642,0.02736999999999995,0.09,3.8896676756546418
ChIJeTlOZcy9cEgRIgeP0q3WHCg,Dixy Chicken,3.6,710.0,0.28724,3.6237627467489943,0.14362,0.09,3.857382746748994
ChIJGwKO3vK8cEgRsPC0Jx_iwJg,Mitchells & Butlers,3.7,182.0,-0.0174599999999999,3.772297675654642,-0.00872999999999995,0.09,3.853567675654642
ChIJB8oq3se9cEgR_-pfA8481GM,Costa Coffee,3.7,373.0,0.0466399999999999,3.73760205743847,0.02331999999999995,0.09,3.8509220574384697
ChIJBx4MvSi9cEgRcVm-0HMlGCc,Primark Café with Disney,3.6,611.0,0.25222,3.6274616648750166,0.12611,0.09,3.8435716648750167
ChIJK7VPYtC9cEgRX1LB6JQ8Scw,Ming Wah,3.7,37.0,-0.44764,3.9413809493630776,-0.22382,0.09,3.8075609493630775
ChIJ2TMhSIe8cEgR4sTz8YWF23I,Subway,3.6,159.0,0.03788,3.694921841633211,0.01894,0.09,3.803861841633211
ChIJncFTLI-8cEgR3p7IBDbh2Wg,Birmingham Union Street Argos,3.7,378.0,-0.05578,3.737135530671243,-0.02789,0.09,3.7992455306712425
ChIJnzYjazy9cEgRn85FwPsirGM,Shake House - Selly Oak,3.7,261.0,-0.12168,3.752327338673115,-0.06084,0.09,3.781487338673115
ChIJU14dKIm8cEgR8ZPmj7rEwrE,JD Sports,3.6,880.0,0.11836,3.6192990263652054,0.05918,0.09,3.7684790263652053
ChIJdUU8N5K8cEgRPM5wfr1JS1c,Big Max Grill,3.5,100.0,0.03578,3.659724950884087,0.01789,0.09,3.7676149508840866
ChIJD_dKJZO8cEgRHgCjTbgLVyU,Domino's Pizza - Birmingham - Central,3.5,595.0,0.2824,3.53220261106534,0.1412,0.09,3.76340261106534
ChIJUVreL9C9cEgRCg8tmk7qYps,Big John's Selly Oak,3.5,938.0,0.2993599999999999,3.5207327298655358,0.14967999999999995,0.09,3.7604127298655357
ChIJ1f9LKFa8cEgRD8LbHO4o6us,Subway,3.7,272.0,-0.18938,3.750389289092629,-0.09469,0.09,3.745699289092629
ChIJcxT4Pcy9cEgRAdacBeXeR4c,Subway,3.8,193.0,-0.4300599999999999,3.8571817378922515,-0.21502999999999994,0.09,3.7321517378922513
ChIJFSsbyo-8cEgRaiYVlHAxl_A,ODEON Birmingham New Street,3.6,2663.0,-0.26334,3.6064976260641783,-0.13167,0.09,3.564827626064178
ChIJcY38hMy9cEgR0koS_KlBi6U,Rooster House,3.5,671.0,-0.2099199999999999,3.528686233994987,-0.10495999999999996,0.09,3.5137262339949866
ChIJu0QMQPS8cEgR9d88ooBPe98,O Bar,3.7,554.0,-0.60774,3.725847355544924,-0.30387,0.09,3.511977355544924
